{
  "analysis_timestamp": "2025-09-20T12:41:51.773152",
  "systems": {
    "3-Large": {
      "name": "3-Large",
      "precision_at_1": 0.36363636363636365,
      "precision_at_3": 0.4393939393939394,
      "precision_at_5": 0.4462121212121212,
      "precision_at_1_lenient": 0.7727272727272727,
      "precision_at_3_lenient": 0.7878787878787878,
      "precision_at_5_lenient": 0.7636363636363637,
      "ndcg_at_1": 0.6103896103896104,
      "ndcg_at_3": 0.7127717920778459,
      "ndcg_at_5": 0.8024278685612085,
      "avg_relevance_score": 2.0210526315789474,
      "total_documents": 95,
      "evaluated_documents": 95,
      "skip_rate": 0.0
    },
    "3-Small": {
      "name": "3-Small",
      "precision_at_1": 0.4090909090909091,
      "precision_at_3": 0.3939393939393939,
      "precision_at_5": 0.4454545454545455,
      "precision_at_1_lenient": 0.6818181818181818,
      "precision_at_3_lenient": 0.5909090909090909,
      "precision_at_5_lenient": 0.6575757575757576,
      "ndcg_at_1": 0.5714285714285713,
      "ndcg_at_3": 0.6272779882771575,
      "ndcg_at_5": 0.7689357433852336,
      "avg_relevance_score": 1.9175257731958764,
      "total_documents": 97,
      "evaluated_documents": 97,
      "skip_rate": 0.0
    }
  },
  "comparisons": [
    {
      "metric_name": "Precision@1 (strict)",
      "system1_value": 0.36363636363636365,
      "system2_value": 0.4090909090909091,
      "difference": 0.04545454545454547,
      "percent_improvement": 12.500000000000004,
      "p_value": 0.7147360135583097,
      "is_significant": "False",
      "effect_size": 0.07898644934440115,
      "confidence_interval": [
        -0.20969575686086328,
        0.3006048477699542
      ]
    },
    {
      "metric_name": "Precision@3 (strict)",
      "system1_value": 0.4393939393939394,
      "system2_value": 0.3939393939393939,
      "difference": -0.04545454545454547,
      "percent_improvement": -10.3448275862069,
      "p_value": 0.5302280452406797,
      "is_significant": "False",
      "effect_size": -0.13606943184320147,
      "confidence_interval": [
        -0.19356581597317518,
        0.1026567250640843
      ]
    },
    {
      "metric_name": "Precision@5 (strict)",
      "system1_value": 0.4462121212121212,
      "system2_value": 0.4454545454545455,
      "difference": -0.0007575757575757347,
      "percent_improvement": -0.16977928692698976,
      "p_value": 0.9888222112693896,
      "is_significant": "False",
      "effect_size": -0.0030226506827061603,
      "confidence_interval": [
        -0.11188198577927548,
        0.11036683426412398
      ]
    },
    {
      "metric_name": "Precision@1 (lenient)",
      "system1_value": 0.7727272727272727,
      "system2_value": 0.6818181818181818,
      "difference": -0.09090909090909094,
      "percent_improvement": -11.764705882352946,
      "p_value": 0.4269719690560798,
      "is_significant": "False",
      "effect_size": -0.17271231992693936,
      "confidence_interval": [
        -0.3242846420865628,
        0.14246646026838103
      ]
    },
    {
      "metric_name": "Precision@3 (lenient)",
      "system1_value": 0.7878787878787878,
      "system2_value": 0.5909090909090909,
      "difference": -0.1969696969696969,
      "percent_improvement": -24.999999999999993,
      "p_value": 0.008765988125998502,
      "is_significant": "True",
      "effect_size": -0.616094304886329,
      "confidence_interval": [
        -0.3387198649227018,
        -0.05521952901669214
      ]
    },
    {
      "metric_name": "Precision@5 (lenient)",
      "system1_value": 0.7636363636363637,
      "system2_value": 0.6575757575757576,
      "difference": -0.10606060606060608,
      "percent_improvement": -13.88888888888889,
      "p_value": 0.017645877375073962,
      "is_significant": "True",
      "effect_size": -0.5490431297201578,
      "confidence_interval": [
        -0.19170895641589708,
        -0.020412255705315047
      ]
    },
    {
      "metric_name": "NDCG@1",
      "system1_value": 0.6103896103896104,
      "system2_value": 0.5714285714285713,
      "difference": -0.038961038961039085,
      "percent_improvement": -6.382978723404276,
      "p_value": 0.7401968739916616,
      "is_significant": "False",
      "effect_size": -0.07163773313962526,
      "confidence_interval": [
        -0.2800959295013723,
        0.20217385157929435
      ]
    },
    {
      "metric_name": "NDCG@3",
      "system1_value": 0.7127717920778459,
      "system2_value": 0.6272779882771575,
      "difference": -0.08549380380068838,
      "percent_improvement": -11.994554884314377,
      "p_value": 0.2336892056275007,
      "is_significant": "False",
      "effect_size": -0.2614307020812426,
      "confidence_interval": [
        -0.23048759665055535,
        0.05949998904917847
      ]
    },
    {
      "metric_name": "NDCG@5",
      "system1_value": 0.8024278685612085,
      "system2_value": 0.7689357433852336,
      "difference": -0.033492125175974885,
      "percent_improvement": -4.173848701943498,
      "p_value": 0.41686492523429364,
      "is_significant": "False",
      "effect_size": -0.1765751074556172,
      "confidence_interval": [
        -0.11758991574685082,
        0.05060566539490129
      ]
    },
    {
      "metric_name": "Average Relevance",
      "system1_value": 2.071212121212121,
      "system2_value": 1.9439393939393939,
      "difference": -0.12727272727272698,
      "percent_improvement": -6.144842721287478,
      "p_value": 0.11806241965153774,
      "is_significant": "False",
      "effect_size": -0.3474650195769051,
      "confidence_interval": [
        -0.2896763156110216,
        0.03513086106556704
      ]
    }
  ],
  "query_analysis": {
    "qGF8pzUgIJe4cH834nOs": {
      "precision_at_5": {
        "3-Large": 0.6,
        "3-Small": 0.4,
        "difference": -0.19999999999999996
      },
      "avg_relevance": {
        "3-Large": 2.6,
        "3-Small": 2.4,
        "difference": -0.20000000000000018
      },
      "winner": "3-Large"
    },
    "GAsQmuMh3czMdqTsbY6M": {
      "precision_at_5": {
        "3-Large": 0.2,
        "3-Small": 0.25,
        "difference": 0.04999999999999999
      },
      "avg_relevance": {
        "3-Large": 2.0,
        "3-Small": 1.75,
        "difference": -0.25
      },
      "winner": "3-Small"
    },
    "3MJP0knZgSkIHCyn8aIn": {
      "precision_at_5": {
        "3-Large": 0.5,
        "3-Small": 0.3333333333333333,
        "difference": -0.16666666666666669
      },
      "avg_relevance": {
        "3-Large": 2.5,
        "3-Small": 2.0,
        "difference": -0.5
      },
      "winner": "3-Large"
    },
    "P6fkhXC9rV9JfJJ3knTa": {
      "precision_at_5": {
        "3-Large": 0.75,
        "3-Small": 0.6,
        "difference": -0.15000000000000002
      },
      "avg_relevance": {
        "3-Large": 2.75,
        "3-Small": 2.2,
        "difference": -0.5499999999999998
      },
      "winner": "3-Large"
    },
    "Y5jBhOAvjHzr3Isl7B4t": {
      "precision_at_5": {
        "3-Large": 0.6,
        "3-Small": 0.2,
        "difference": -0.39999999999999997
      },
      "avg_relevance": {
        "3-Large": 2.0,
        "3-Small": 1.0,
        "difference": -1.0
      },
      "winner": "3-Large"
    },
    "sQzUsmG3BUPYH0hnEzX9": {
      "precision_at_5": {
        "3-Large": 0.6,
        "3-Small": 0.8,
        "difference": 0.20000000000000007
      },
      "avg_relevance": {
        "3-Large": 2.6,
        "3-Small": 2.8,
        "difference": 0.19999999999999973
      },
      "winner": "3-Small"
    },
    "5qBnoncWrJoWlcDIUKq2": {
      "precision_at_5": {
        "3-Large": 0.6,
        "3-Small": 0.6,
        "difference": 0.0
      },
      "avg_relevance": {
        "3-Large": 2.0,
        "3-Small": 2.0,
        "difference": 0.0
      },
      "winner": "tie"
    },
    "ANUvcvQObotGp9NiIawq": {
      "precision_at_5": {
        "3-Large": 0.4,
        "3-Small": 0.2,
        "difference": -0.2
      },